volvo_2016k_048_20170601_1209_23907_HoW20_154.mp4,CellPhone
volvo_2016k_045_20170502_0605_23859_HoW20_1075.mp4,CellPhone
volvo_2016k_045_20170503_2040_23223_HoW20_171.mp4,StopLight
volvo_2016k_045_20170425_0545_23288_HoW20_1007.mp4,HandsOffWheel
volvo_2016k_042_20170411_1335_23124_HoW20_2064.mp4,StopLight
volvo_2016k_029_20170107_1102_1411_HoW20_42.mp4,StopLight
volvo_2016k_036_20170211_1346_9318_HoW20_231.mp4,GlanceAway
volvo_2016k_042_20170427_1736_22601_HoW20_572.mp4,GlanceAway
volvo_2016k_045_20170428_1659_20950_HoW20_1718.mp4,GlanceAway
volvo_2016k_042_20170415_0953_24586_HoW20_394.mp4,HandsOffWheel
volvo_2016k_040_20170303_0858_9112_HoW20_339.mp4,HandsOffWheel
volvo_2016k_045_20170504_1521_23887_HoW20_4236.mp4,StopLight
volvo_2016k_038_20170319_1715_5769_HoW20_1348.mp4,StopLight
volvo_2016k_045_20170518_0730_21377_HoW20_47.mp4,StopLight
volvo_2016k_045_20170419_1817_19279_HoW20_1629.mp4,CheckMirror
volvo_2016k_038_20170321_1532_1712_HoW20_2496.mp4,StopLight
volvo_2016k_042_20170425_1337_23325_HoW20_166.mp4,CheckMirror
volvo_2016k_040_20170306_0708_1861_HoW20_4258.mp4,CellPhone
volvo_2016k_048_20170512_0840_23091_HoW20_6063.mp4,StopLight
volvo_2016k_042_20170331_1517_21600_HoW20_918.mp4,StopLight
volvo_2016k_045_20170512_0601_20149_HoW20_45.mp4,CellPhone
volvo_2016k_045_20170505_1456_22480_HoW20_1297.mp4,CellPhone
volvo_2016k_040_20170309_0715_8709_HoW20_1127.mp4,CellPhone
volvo_2016k_045_20170509_1930_24434_HoW20_1325.mp4,CellPhone
volvo_2016k_045_20170515_1252_24473_HoW20_5231.mp4,CellPhone
volvo_2016k_050_20170614_0820_77205_HoW20_2093.mp4,CellPhone
volvo_2016k_042_20170424_1311_22729_HoW20_122.mp4,CellPhone
volvo_2016k_045_20170502_1501_24694_HoW20_1533.mp4,CellPhone
volvo_2016k_045_20170421_1432_21228_HoW20_209.mp4,CellPhone
volvo_2016k_045_20170419_1817_19279_HoW20_1184.mp4,StopLight
volvo_2016k_045_20170504_1521_23887_HoW20_3957.mp4,HandsOffWheel
volvo_2016k_048_20170530_1725_22642_HoW20_3563.mp4,StopLight
volvo_2016k_042_20170430_1250_21471_HoW20_160.mp4,StopLight
volvo_2016k_045_20170427_0826_19813_HoW20_208.mp4,CellPhone
